{"cameraMode":{"drawMode":0,"name":"Shaded","section":"Shading Mode"},"sceneLighting":false,"audioPlay":false,"sceneViewState":{"m_AlwaysRefresh":false,"showFog":true,"showSkybox":false,"showFlares":true,"showImageEffects":true,"showParticleSystems":true,"showVisualEffectGraphs":true,"m_FxEnabled":true},"in2DMode":false,"pivot":{"x":0.20375335216522218,"y":5.674656867980957,"z":1.2659711837768555},"rotation":{"x":-0.044977858662605289,"y":-0.017980508506298066,"z":-0.0008101626881398261,"w":0.9988398551940918},"size":11.012712478637696,"orthographic":false}