{"cameraMode":{"drawMode":0,"name":"Shaded","section":"Shading Mode"},"sceneLighting":false,"audioPlay":false,"sceneViewState":{"m_AlwaysRefresh":false,"showFog":true,"showSkybox":false,"showFlares":true,"showImageEffects":true,"showParticleSystems":true,"showVisualEffectGraphs":true,"m_FxEnabled":true},"in2DMode":false,"pivot":{"x":-0.20755285024642945,"y":0.6037775874137878,"z":-0.977051854133606},"rotation":{"x":-0.021898003295063974,"y":-0.22947277128696443,"z":0.005162535235285759,"w":-0.9730701446533203},"size":2.995823383331299,"orthographic":false}