{"cameraMode":{"drawMode":0,"name":"Shaded","section":"Shading Mode"},"sceneLighting":true,"audioPlay":false,"sceneViewState":{"m_AlwaysRefresh":false,"showFog":true,"showSkybox":true,"showFlares":true,"showImageEffects":true,"showParticleSystems":true,"showVisualEffectGraphs":true,"m_FxEnabled":true},"in2DMode":false,"pivot":{"x":-8.501916885375977,"y":2.8904935334139738e-8,"z":7.201148986816406},"rotation":{"x":0.7007075548171997,"y":-0.0032104847487062217,"z":0.00315321097150445,"w":0.7134354114532471},"size":47.05388641357422,"orthographic":true}