{"cameraMode":{"drawMode":0,"name":"Shaded","section":"Shading Mode"},"sceneLighting":false,"audioPlay":false,"sceneViewState":{"m_AlwaysRefresh":false,"showFog":true,"showSkybox":false,"showFlares":true,"showImageEffects":true,"showParticleSystems":true,"showVisualEffectGraphs":true,"m_FxEnabled":true},"in2DMode":false,"pivot":{"x":0.12346035987138748,"y":1.4040101766586304,"z":2.9575891494750978},"rotation":{"x":0.003375031054019928,"y":-0.9812842607498169,"z":0.1922784149646759,"w":0.016471758484840394},"size":0.9273618459701538,"orthographic":false}