{"cameraMode":{"drawMode":0,"name":"Shaded","section":"Shading Mode"},"sceneLighting":false,"audioPlay":false,"sceneViewState":{"m_AlwaysRefresh":false,"showFog":true,"showSkybox":false,"showFlares":true,"showImageEffects":true,"showParticleSystems":true,"showVisualEffectGraphs":true,"m_FxEnabled":true},"in2DMode":false,"pivot":{"x":-0.8247455954551697,"y":0.3721919059753418,"z":0.5281124711036682},"rotation":{"x":0.11751266568899155,"y":-0.5430009961128235,"z":0.07707452028989792,"w":0.827892541885376},"size":2.0660252571105959,"orthographic":false}