{"cameraMode":{"drawMode":0,"name":"Shaded","section":"Shading Mode"},"sceneLighting":false,"audioPlay":false,"sceneViewState":{"m_AlwaysRefresh":false,"showFog":true,"showSkybox":false,"showFlares":true,"showImageEffects":true,"showParticleSystems":true,"showVisualEffectGraphs":true,"m_FxEnabled":true},"in2DMode":false,"pivot":{"x":-0.20908182859420777,"y":0.8760486841201782,"z":-1.8891304731369019},"rotation":{"x":-0.0012206844985485077,"y":0.9974691867828369,"z":-0.06893479079008103,"w":-0.017661163583397867},"size":2.644552230834961,"orthographic":false}